"tanggal";"kode";"prev_price";"open_price";"close_price";"high_price";"low_price";"volume";"frekuensi";"offer";"offer_volume";"bid";"bid_volume";"changes_pct";"high_changes_pct";"low_changes_pct";"range_intraday_pct";"gap_up_pct";"nilai_transaksi_mil"
2026-05-22;aadi;7775;7800;8225;8300;7800;17693200;7364;8250;18000;8225;267400;5.79;6.75;0.32;6.41;0.32;143.20
2026-05-22;aali;6525;6500;6600;6675;6275;4181500;3236;6650;4000;6575;20600;1.15;2.30;-3.83;6.15;-0.38;27.29
2026-05-22;aces;344;344;348;352;340;25381800;2676;348;14200;346;88700;1.16;2.33;-1.16;3.49;0.00;8.76
2026-05-22;acst;83;0;82;83;82;183200;36;83;145300;82;300700;-1.20;0.00;-1.20;;-100.00;0.02
2026-05-22;ades;20600;0;20650;20850;20450;20700;48;20625;100;20500;500;0.24;1.21;-0.73;;-100.00;0.43
2026-05-22;adhi;175;171;180;180;170;4877500;879;180;88500;179;2500;2.86;2.86;-2.86;5.85;-2.29;0.86
2026-05-22;admg;189;189;190;200;183;279300;97;192;11000;188;2500;0.53;5.82;-3.17;8.99;0.00;0.05
2026-05-22;admr;1355;1340;1480;1490;1275;46834600;7648;1485;31100;1480;424500;9.23;9.96;-5.90;16.04;-1.11;65.68
2026-05-22;adro;2210;2210;2350;2350;2200;54234200;12820;2350;588600;2340;133600;6.33;6.33;-0.45;6.79;0.00;123.65
2026-05-22;agar;230;230;228;240;228;35600;36;230;1100;228;25500;-0.87;4.35;-0.87;5.22;0.00;0.01
2026-05-22;agii;2690;2690;2760;2780;2680;157500;209;2750;400;2740;100;2.60;3.35;-0.37;3.72;0.00;0.43
2026-05-22;aims;378;382;384;396;378;214500;149;390;12700;384;15000;1.59;4.76;0.00;4.71;1.06;0.08
2026-05-22;aisa;104;105;106;106;100;4514400;552;106;96700;105;925300;1.92;1.92;-3.85;5.71;0.96;0.46
2026-05-22;akpi;535;0;530;535;515;19000;24;530;2500;515;7300;-0.93;0.00;-3.74;;-100.00;0.01
2026-05-22;akra;1340;1325;1350;1365;1300;11464500;2626;1350;10600;1345;1600;0.75;1.87;-2.99;4.91;-1.12;15.43
2026-05-22;aksi;234;0;232;246;220;536400;80;232;7700;230;500;-0.85;5.13;-5.98;;-100.00;0.12
2026-05-22;aldo;660;655;690;700;640;185600;75;690;21200;685;100;4.55;6.06;-3.03;9.16;-0.76;0.13
2026-05-22;aman;254;246;250;262;238;856700;247;250;39900;248;13400;-1.57;3.15;-6.30;9.76;-3.15;0.22
2026-05-22;amfg;3130;0;3130;3130;3030;5900;15;3190;1700;3080;300;0.00;0.00;-3.19;;-100.00;0.02
2026-05-22;amin;228;228;252;264;204;244400;136;252;10500;250;11200;10.53;15.79;-10.53;26.32;0.00;0.06
2026-05-22;ammn;3040;3000;2900;3050;2710;150834500;20268;2900;512000;2890;613600;-4.61;0.33;-10.86;11.33;-1.32;434.65
2026-05-22;anjt;1600;1610;1600;1645;1595;59900;67;1615;2000;1600;5000;0.00;2.81;-0.31;3.11;0.63;0.10
2026-05-22;antm;2970;2920;3090;3150;2910;223541100;47504;3100;284900;3090;1112400;4.04;6.06;-2.02;8.22;-1.68;675.22
2026-05-22;apii;183;183;183;193;183;325700;25;191;58700;183;1800;0.00;5.46;0.00;5.46;0.00;0.06
2026-05-22;apli;272;276;254;276;240;889400;430;254;800;250;2200;-6.62;1.47;-11.76;13.04;1.47;0.23
2026-05-22;apln;151;150;156;157;146;13794600;998;156;29000;155;51100;3.31;3.97;-3.31;7.33;-0.66;2.12
2026-05-22;arci;1100;1050;1210;1215;1050;62968200;10554;1215;291400;1210;1956100;10.00;10.45;-4.55;15.71;-4.55;72.64
2026-05-22;area;230;230;242;266;202;675600;361;242;9800;240;183300;5.22;15.65;-12.17;27.83;0.00;0.16
2026-05-22;argo;855;0;825;850;730;14000;31;820;100;800;5000;-3.51;-0.58;-14.62;;-100.00;0.01
2026-05-22;arii;264;262;268;274;262;40400;52;276;1100;268;22500;1.52;3.79;-0.76;4.58;-0.76;0.01
2026-05-22;arna;454;454;452;454;446;3694600;659;452;6278000;450;172700;-0.44;0.00;-1.76;1.76;0.00;1.66
2026-05-22;arta;2040;0;2010;2010;2000;300;3;2080;100;2010;100;-1.47;-1.47;-1.96;;-100.00;0.00
2026-05-22;asgr;1490;1490;1500;1505;1445;778400;485;1505;2600;1500;15400;0.67;1.01;-3.02;4.03;0.00;1.15
2026-05-22;asha;61;61;63;65;57;28522900;1687;64;193400;63;1946100;3.28;6.56;-6.56;13.11;0.00;1.75
2026-05-22;asii;5600;5625;5400;5650;5300;65064200;14311;5425;55100;5400;103100;-3.57;0.89;-5.36;6.22;0.45;349.77
2026-05-22;aslc;67;67;67;71;65;10488000;556;68;141700;67;57400;0.00;5.97;-2.99;8.96;0.00;0.70
2026-05-22;asli;236;212;242;250;212;3344600;422;242;2021400;238;4500;2.54;5.93;-10.17;17.92;-10.17;0.78
2026-05-22;aspi;380;386;368;386;362;1201200;80;368;10600;366;200;-3.16;1.58;-4.74;6.22;1.58;0.45
2026-05-22;asri;112;112;116;116;107;6261300;529;117;346900;115;54600;3.57;3.57;-4.46;8.04;0.00;0.71
2026-05-22;atap;432;0;430;450;394;2538900;240;430;11600;422;9300;-0.46;4.17;-8.80;;-100.00;1.13
2026-05-22;atic;480;476;488;490;450;101400;41;486;100;470;200;1.67;2.08;-6.25;8.40;-0.83;0.05
2026-05-22;auto;2540;2540;2560;2560;2500;2742800;809;2570;34200;2560;700;0.79;0.79;-1.57;2.36;0.00;6.91
2026-05-22;avia;336;332;332;336;326;13189700;1285;334;128300;330;1509300;-1.19;0.00;-2.98;3.01;-1.19;4.38
2026-05-22;awan;134;133;139;139;125;557400;169;139;7500;138;245800;3.73;3.73;-6.72;10.53;-0.75;0.07
2026-05-22;axio;112;112;111;112;110;196900;87;112;500;111;8200;-0.89;0.00;-1.79;1.79;0.00;0.02
2026-05-22;ayam;300;300;308;314;294;49606300;939;308;284000;306;272000;2.67;4.67;-2.00;6.67;0.00;15.35
2026-05-22;ayls;134;127;139;140;114;7396900;917;139;97400;134;100;3.73;4.48;-14.93;20.47;-5.22;0.91
2026-05-22;baby;157;0;145;145;145;2227400;188;146;100;145;201000;-7.64;-7.64;-7.64;;-100.00;0.32
2026-05-22;baik;560;545;494;545;482;1095600;336;496;2015100;494;386200;-11.79;-2.68;-13.93;11.56;-2.68;0.56
2026-05-22;bali;1220;0;1250;1250;1180;7300;13;1250;900;1180;8100;2.46;2.46;-3.28;;-100.00;0.01
2026-05-22;bank;312;314;304;316;300;878500;574;306;13300;304;45800;-2.56;1.28;-3.85;5.10;0.64;0.27
2026-05-22;bapa;238;0;238;0;0;0;0;0;0;0;0;0.00;-100.00;-100.00;;-100.00;0.00
2026-05-22;batr;85;85;87;87;80;740800;172;87;5000;86;50000;2.35;2.35;-5.88;8.24;0.00;0.06
2026-05-22;bayu;1150;1150;1160;1200;1110;104600;103;1180;2500;1160;173100;0.87;4.35;-3.48;7.83;0.00;0.12
2026-05-22;bbrm;124;124;126;128;121;1189700;294;128;48100;126;51800;1.61;3.23;-2.42;5.65;0.00;0.15
2026-05-22;bbss;136;121;130;150;121;885200;276;130;12100;129;4800;-4.41;10.29;-11.03;23.97;-11.03;0.12
2026-05-22;bcip;62;62;63;64;57;13868800;881;64;1350000;63;600100;1.61;3.23;-8.06;11.29;0.00;0.86
2026-05-22;beef;151;151;151;161;137;37648800;2283;152;100;151;164500;0.00;6.62;-9.27;15.89;0.00;5.61
2026-05-22;beli;338;0;334;336;332;191500;67;334;12400;332;256100;-1.18;-0.59;-1.78;;-100.00;0.06
2026-05-22;bell;107;100;115;115;99;11954500;1721;115;304400;114;7300;7.48;7.48;-7.48;16.00;-6.54;1.31
2026-05-22;bess;1000;0;1070;1075;870;451300;77;1070;800;890;1000;7.00;7.50;-13.00;;-100.00;0.45
2026-05-22;best;101;101;100;101;98;6197900;229;101;557500;100;42400;-0.99;0.00;-2.97;2.97;0.00;0.61
2026-05-22;bike;510;0;510;0;0;0;0;0;0;0;0;0.00;-100.00;-100.00;;-100.00;0.00
2026-05-22;bino;104;105;103;106;100;604200;55;106;31600;104;200;-0.96;1.92;-3.85;5.71;0.96;0.06
2026-05-22;bird;1515;1515;1550;1550;1500;1069100;481;1550;31200;1540;1000;2.31;2.31;-0.99;3.30;0.00;1.62
2026-05-22;bisi;710;710;720;725;695;607900;264;725;20200;720;93000;1.41;2.11;-2.11;4.23;0.00;0.43
2026-05-22;bkdp;96;0;104;104;87;3999500;158;104;795200;100;38900;8.33;8.33;-9.38;;-100.00;0.40
2026-05-22;bksl;74;73;79;81;70;383529700;7199;80;1992900;79;1309200;6.76;9.46;-5.41;15.07;-1.35;28.92
2026-05-22;bles;148;147;148;148;145;464300;77;150;93500;145;1700;0.00;0.00;-2.03;2.04;-0.68;0.07
2026-05-22;bltz;2650;0;2650;0;0;0;0;2600;200;0;0;0.00;-100.00;-100.00;;-100.00;0.00
2026-05-22;blue;2800;2800;2950;3270;2710;324800;343;2970;8500;2950;4300;5.36;16.79;-3.21;20.00;0.00;0.95
2026-05-22;bmhs;180;177;178;180;171;1704200;328;178;240400;175;700;-1.11;0.00;-5.00;5.08;-1.67;0.30
2026-05-22;bmsr;294;0;282;292;282;60000;25;286;33500;282;7200;-4.08;-0.68;-4.08;;-100.00;0.02
2026-05-22;bmtr;125;125;130;131;122;54334500;1147;131;2258300;130;42600;4.00;4.80;-2.40;7.20;0.00;6.96
2026-05-22;bnbr;126;124;142;144;118;1872726300;58428;143;2740000;142;1985000;12.70;14.29;-6.35;20.97;-1.59;249.93
2026-05-22;boba;316;316;270;316;270;5666900;1487;272;2500;270;211400;-14.56;0.00;-14.56;14.56;0.00;1.59
2026-05-22;boga;1275;0;1270;1275;1260;8100;13;1275;4900;1270;5200;-0.39;0.00;-1.18;;-100.00;0.01
2026-05-22;bola;158;0;158;161;154;2753200;61;158;392600;155;700;0.00;1.90;-2.53;;-100.00;0.43
2026-05-22;bolt;790;0;790;795;785;10500;15;790;900;785;4900;0.00;0.63;-0.63;;-100.00;0.01
2026-05-22;bram;4770;0;4650;4850;4650;5900;24;4790;900;4500;200;-2.52;1.68;-2.52;;-100.00;0.03
2026-05-22;bris;1800;1800;1775;1810;1725;11914800;4227;1780;1400;1775;239500;-1.39;0.56;-4.17;4.72;0.00;21.20
2026-05-22;brms;565;540;630;640;500;666888600;31234;635;4262200;630;1378800;11.50;13.27;-11.50;25.93;-4.42;392.15
2026-05-22;brpt;1530;1525;1605;1640;1485;457516500;56227;1610;387200;1605;8318800;4.90;7.19;-2.94;10.16;-0.33;721.76
2026-05-22;bsde;670;675;685;690;670;8608800;1064;685;81200;680;22600;2.24;2.99;0.00;2.96;0.75;5.86
2026-05-22;bsml;416;418;408;420;402;17727200;932;408;5200;406;371800;-1.92;0.96;-3.37;4.31;0.48;7.30
2026-05-22;bssr;3880;3870;3960;4000;3850;607700;795;3970;12500;3960;14000;2.06;3.09;-0.77;3.88;-0.26;2.38
2026-05-22;bton;376;0;374;376;362;800;5;376;17600;362;4800;-0.53;0.00;-3.72;;-100.00;0.00
2026-05-22;btps;955;955;965;970;945;4977100;1061;965;22500;960;1600;1.05;1.57;-1.05;2.62;0.00;4.77
2026-05-22;buah;535;530;535;535;515;247700;70;535;119100;515;9500;0.00;0.00;-3.74;3.77;-0.93;0.13
2026-05-22;budi;206;206;206;206;202;205800;54;206;32600;204;12700;0.00;0.00;-1.94;1.94;0.00;0.04
2026-05-22;bukk;850;850;735;905;725;587400;403;760;9400;735;4000;-13.53;6.47;-14.71;21.18;0.00;0.45
2026-05-22;bull;366;350;414;414;344;249852700;10645;414;872200;412;231800;13.11;13.11;-6.01;20.00;-4.37;94.75
2026-05-22;bumi;164;164;185;186;160;6616733300;96276;186;8543600;185;1132400;12.80;13.41;-2.44;15.85;0.00;1129.65
2026-05-22;buva;695;645;720;730;615;392743800;35637;725;2929100;720;2295700;3.60;5.04;-11.51;17.83;-7.19;267.87
2026-05-22;byan;10475;0;10000;10525;9800;94800;187;10050;3600;10000;200;-4.53;0.48;-6.44;;-100.00;0.97
2026-05-22;cakk;140;140;149;149;132;451500;100;146;10000;137;1000;6.43;6.43;-5.71;12.14;0.00;0.06
2026-05-22;camp;184;183;177;183;170;442300;220;177;30500;176;3300;-3.80;-0.54;-7.61;7.10;-0.54;0.08
2026-05-22;cani;135;0;135;135;122;290600;64;140;100;135;486100;0.00;0.00;-9.63;;-100.00;0.04
2026-05-22;care;410;0;410;414;406;790600;202;416;15700;410;88200;0.00;0.98;-0.98;;-100.00;0.32
2026-05-22;cass;1780;1830;1765;1830;1750;43700;20;1795;100;1770;300;-0.84;2.81;-1.69;4.37;2.81;0.08
2026-05-22;cbdk;4060;3970;4000;4010;3810;8847200;3758;4010;2200;4000;1889200;-1.48;-1.23;-6.16;5.04;-2.22;34.69
2026-05-22;cbpe;300;302;296;302;288;15700;28;296;1700;290;7000;-1.33;0.67;-4.00;4.64;0.67;0.00
2026-05-22;cbre;695;690;865;865;625;80546500;13175;865;422800;860;94200;24.46;24.46;-10.07;34.78;-0.72;64.24
2026-05-22;ccsi;262;262;262;268;248;364100;128;262;25100;254;1300;0.00;2.29;-5.34;7.63;0.00;0.09
2026-05-22;ceka;2330;0;2350;2350;2300;45400;25;2350;191000;2310;100;0.86;0.86;-1.29;;-100.00;0.11
2026-05-22;cgas;159;158;166;166;144;4835900;647;166;319500;165;23700;4.40;4.40;-9.43;13.92;-0.63;0.77
2026-05-22;chem;65;64;68;78;63;46263100;3779;69;2400;68;1510400;4.62;20.00;-3.08;23.44;-1.54;3.32
2026-05-22;cint;176;170;172;175;163;563900;221;172;52000;170;400;-2.27;-0.57;-7.39;7.06;-3.41;0.10
2026-05-22;cita;3700;3700;3790;3790;3700;1246300;1023;3790;39500;3780;1400;2.43;2.43;0.00;2.43;0.00;4.66
2026-05-22;city;158;161;164;193;157;3589300;1278;164;23200;163;5000;3.80;22.15;-0.63;22.36;1.90;0.62
2026-05-22;cleo;386;386;392;392;376;8693800;853;392;97100;390;13000;1.55;1.55;-2.59;4.15;0.00;3.34
2026-05-22;clpi;1545;0;1555;1560;1530;61800;95;1560;7200;1555;1700;0.65;0.97;-0.97;;-100.00;0.10
2026-05-22;cmnp;1410;1385;1425;1440;1385;231600;80;1425;7800;1410;2600;1.06;2.13;-1.77;3.97;-1.77;0.33
2026-05-22;cmpp;71;0;71;71;70;51100;19;76;100000;70;46900;0.00;0.00;-1.41;;-100.00;0.00
2026-05-22;cmry;4620;4620;4520;4620;4500;1179700;1112;4530;17900;4510;1400;-2.16;0.00;-2.60;2.60;0.00;5.34
2026-05-22;cnma;91;90;94;97;89;12503300;967;95;60000;94;1800;3.30;6.59;-2.20;8.89;-1.10;1.15
2026-05-22;cpin;4270;4270;4350;4350;4150;5365000;5605;4350;123300;4340;23300;1.87;1.87;-2.81;4.68;0.00;22.97
2026-05-22;crab;200;200;202;204;199;1298100;137;202;157800;200;136700;1.00;2.00;-0.50;2.50;0.00;0.26
2026-05-22;crsn;104;103;106;106;103;99800;59;106;54200;104;200;1.92;1.92;-0.96;2.91;-0.96;0.01
2026-05-22;csap;268;0;268;268;268;21000;9;268;2300;266;10300;0.00;0.00;0.00;;-100.00;0.01
2026-05-22;csis;129;129;136;150;127;3013600;464;137;1900;136;115100;5.43;16.28;-1.55;17.83;0.00;0.41
2026-05-22;csmi;85;85;91;91;82;7556600;1116;91;48700;90;29300;7.06;7.06;-3.53;10.59;0.00;0.65
2026-05-22;csra;835;835;820;840;805;621300;184;825;2300;820;101600;-1.80;0.60;-3.59;4.19;0.00;0.51
2026-05-22;ctbn;4600;0;5750;5750;4800;6300;34;5750;6900;5475;200;25.00;25.00;4.35;;-100.00;0.03
2026-05-22;ctra;660;670;655;675;650;9692700;1735;660;165900;655;68700;-0.76;2.27;-1.52;3.73;1.52;6.36
2026-05-22;cuan;535;492;515;520;468;725206300;32693;515;535700;510;463300;-3.74;-2.80;-12.52;10.57;-8.04;359.34
2026-05-22;cybr;595;595;600;605;570;19654000;3140;600;4300;595;4000;0.84;1.68;-4.20;5.88;0.00;11.41
2026-05-22;daaz;1610;1570;1700;1700;1505;375700;243;1705;100;1700;1300;5.59;5.59;-6.52;12.42;-2.48;0.60
2026-05-22;data;1595;1595;1695;1745;1480;1310800;858;1700;17400;1695;31100;6.27;9.40;-7.21;16.61;0.00;2.16
2026-05-22;daya;1075;1075;1075;1075;1075;400;4;1065;100;1060;300;0.00;0.00;0.00;0.00;0.00;0.00
2026-05-22;dcii;190000;0;193000;193000;189900;700;7;194000;300;193000;100;1.58;1.58;-0.05;;-100.00;0.13
2026-05-22;depo;242;242;264;300;242;1260300;752;266;5000;264;39800;9.09;23.97;0.00;23.97;0.00;0.35
2026-05-22;dewa;334;326;378;398;320;1219258700;31180;380;1100700;378;3265900;13.17;19.16;-4.19;23.93;-2.40;428.86
2026-05-22;dewi;120;119;122;122;114;72724800;6444;122;81700;120;200;1.67;1.67;-5.00;6.72;-0.83;8.62
2026-05-22;dgik;125;125;128;131;121;4357300;435;129;97500;128;145000;2.40;4.80;-3.20;8.00;0.00;0.55
2026-05-22;dgns;240;216;224;240;212;17497300;276;224;76400;222;6000;-6.67;0.00;-11.67;12.96;-10.00;3.86
2026-05-22;dgwg;326;326;334;338;322;12519800;1294;336;100;334;173300;2.45;3.68;-1.23;4.91;0.00;4.12
2026-05-22;dild;121;121;120;121;118;17746900;1444;121;606100;120;435000;-0.83;0.00;-2.48;2.48;0.00;2.11
2026-05-22;diva;155;152;136;157;135;43684500;4856;139;59000;136;961400;-12.26;1.29;-12.90;14.47;-1.94;6.25
2026-05-22;dkft;670;670;730;730;670;9473900;1167;730;141000;725;44900;8.96;8.96;0.00;8.96;0.00;6.63
2026-05-22;dkhh;69;69;65;69;62;16555300;1232;66;778200;65;798500;-5.80;0.00;-10.14;10.14;0.00;1.08
2026-05-22;dmas;150;151;151;152;146;115125700;4448;152;11221200;151;2408200;0.67;1.33;-2.67;3.97;0.67;17.24
2026-05-22;dmmx;177;176;175;220;172;342500;197;176;2700;175;24100;-1.13;24.29;-2.82;27.27;-0.56;0.06
2026-05-22;dmnd;605;605;625;625;595;10900;44;625;300;600;2600;3.31;3.31;-1.65;4.96;0.00;0.01
2026-05-22;dooh;130;125;140;141;121;19089800;970;141;23200;139;5400;7.69;8.46;-6.92;16.00;-3.85;2.54
2026-05-22;drma;980;985;985;990;980;251700;119;990;110300;985;2600;0.51;1.02;0.00;1.02;0.51;0.25
2026-05-22;dsfi;77;76;78;80;72;1696800;313;79;25000;78;72900;1.30;3.90;-6.49;10.53;-1.30;0.13
2026-05-22;dsng;1280;1280;1280;1300;1230;22861700;3956;1285;75200;1280;133300;0.00;1.56;-3.91;5.47;0.00;28.71
2026-05-22;dssa;610;600;545;615;530;466575300;21888;550;5377200;545;1170500;-10.66;0.82;-13.11;14.17;-1.64;263.59
2026-05-22;duti;4330;0;4100;4280;4060;300;3;4280;200;4100;900;-5.31;-1.15;-6.24;;-100.00;0.00
2026-05-22;dvla;1580;1580;1590;1590;1565;23900;51;1590;18500;1580;1600;0.63;0.63;-0.95;1.58;0.00;0.04
2026-05-22;dwgl;272;258;260;272;256;747700;126;262;14700;260;58200;-4.41;0.00;-5.88;6.20;-5.15;0.19
2026-05-22;dyan;77;77;79;81;75;3176500;539;80;231300;79;46300;2.60;5.19;-2.60;7.79;0.00;0.25
2026-05-22;east;88;88;88;89;87;1311900;433;89;520700;88;271100;0.00;1.14;-1.14;2.27;0.00;0.12
2026-05-22;ecii;174;174;164;174;160;588700;189;165;8000;164;14500;-5.75;0.00;-8.05;8.05;0.00;0.10
2026-05-22;edge;4790;0;4790;0;0;0;0;0;0;0;0;0.00;-100.00;-100.00;;-100.00;0.00
2026-05-22;ekad;167;167;171;171;165;413000;85;171;200;169;100;2.40;2.40;-1.20;3.59;0.00;0.07
2026-05-22;elit;179;178;185;188;171;5865300;524;188;2300;185;159800;3.35;5.03;-4.47;9.55;-0.56;1.05
2026-05-22;elpi;1380;1380;1500;1530;1335;1476700;686;1525;2200;1500;3000;8.70;10.87;-3.26;14.13;0.00;2.15
2026-05-22;elsa;640;625;660;660;610;28438600;3584;665;53200;660;100;3.13;3.13;-4.69;8.00;-2.34;18.11
2026-05-22;emde;64;64;66;66;60;1610100;281;66;5700;64;34700;3.13;3.13;-6.25;9.38;0.00;0.10
2026-05-22;emtk;670;670;660;670;625;21747500;3812;665;406300;660;202500;-1.49;0.00;-6.72;6.72;0.00;14.11
2026-05-22;enak;322;322;328;340;278;698100;680;328;210700;314;1100;1.86;5.59;-13.66;19.25;0.00;0.21
2026-05-22;enrg;1220;1120;1490;1510;1120;119316200;21909;1495;34200;1490;114300;22.13;23.77;-8.20;34.82;-8.20;165.34
2026-05-22;enzo;75;74;74;76;66;17460600;1149;74;552000;73;64800;-1.33;1.33;-12.00;13.51;-1.33;1.26
2026-05-22;epac;72;0;68;68;67;8253700;255;69;25000;68;100;-5.56;-5.56;-6.94;;-100.00;0.56
2026-05-22;epmt;2260;2260;2320;2360;2240;309600;139;2330;100;2310;300;2.65;4.42;-0.88;5.31;0.00;0.72
2026-05-22;eraa;360;360;372;372;352;17094000;1617;374;327900;372;141800;3.33;3.33;-2.22;5.56;0.00;6.25
2026-05-22;eral;288;286;294;294;280;5937900;664;294;104700;292;48600;2.08;2.08;-2.78;4.90;-0.69;1.72
2026-05-22;esip;125;125;135;153;117;293562000;25433;136;140800;135;6400;8.00;22.40;-6.40;28.80;0.00;41.72
2026-05-22;essa;680;665;705;710;650;148277000;6093;710;547100;705;829800;3.68;4.41;-4.41;9.02;-2.21;100.98
2026-05-22;esta;200;200;200;206;200;1271100;70;202;22200;200;699600;0.00;3.00;0.00;3.00;0.00;0.26
2026-05-22;excl;2660;2650;2750;2780;2580;16279400;4836;2750;461000;2740;500;3.38;4.51;-3.01;7.55;-0.38;43.24
2026-05-22;fapa;7150;7150;7150;7150;7125;3400;8;7150;1100;7125;2800;0.00;0.00;-0.35;0.35;0.00;0.02
2026-05-22;fast;234;228;230;240;214;1445700;396;232;149500;230;185500;-1.71;2.56;-8.55;11.40;-2.56;0.33
2026-05-22;film;1915;1910;2060;2080;1805;2336800;1823;2060;18600;2050;100;7.57;8.62;-5.74;14.40;-0.26;4.62
2026-05-22;fire;101;100;108;113;98;15809900;1833;111;66700;108;392200;6.93;11.88;-2.97;15.00;-0.99;1.66
2026-05-22;fish;675;580;680;685;580;151400;109;680;18500;660;15400;0.74;1.48;-14.07;18.10;-14.07;0.10
2026-05-22;fitt;322;284;344;344;284;872200;272;344;24800;322;1800;6.83;6.83;-11.80;21.13;-11.80;0.27
2026-05-22;fmii;244;250;228;270;208;592600;322;228;34300;220;1100;-6.56;10.66;-14.75;24.80;2.46;0.15
2026-05-22;folk;214;188;234;242;188;4342100;638;234;212500;230;8400;9.35;13.08;-12.15;28.72;-12.15;0.96
2026-05-22;food;154;0;169;169;154;3600;9;169;16100;156;100;9.74;9.74;0.00;;-100.00;0.00
2026-05-22;fore;910;910;905;945;885;9944200;3655;910;62300;905;223600;-0.55;3.85;-2.75;6.59;0.00;9.08
2026-05-22;foru;1225;1150;1230;1235;1150;54000;36;1230;25100;1200;100;0.41;0.82;-6.12;7.39;-6.12;0.07
2026-05-22;fpni;322;324;332;340;306;2491900;510;334;100;332;24100;3.11;5.59;-4.97;10.49;0.62;0.82
2026-05-22;futr;177;161;183;190;152;27183000;1814;184;61600;183;248300;3.39;7.34;-14.12;23.60;-9.04;4.88
2026-05-22;fwct;84;83;81;83;79;3306100;553;82;100500;81;43100;-3.57;-1.19;-5.95;4.82;-1.19;0.27
2026-05-22;gdst;87;87;87;89;84;1376800;325;88;222200;87;125700;0.00;2.30;-3.45;5.75;0.00;0.12
2026-05-22;gdyr;1070;0;1100;1100;1065;1400;3;1085;1200;1070;1200;2.80;2.80;-0.47;;-100.00;0.00
2026-05-22;gema;83;81;86;86;81;3970300;288;87;64900;86;149400;3.61;3.61;-2.41;6.17;-2.41;0.33
2026-05-22;gems;7550;7550;7575;7575;7425;64100;179;7575;100;7550;2100;0.33;0.33;-1.66;1.99;0.00;0.48
2026-05-22;ggrp;322;322;328;330;320;2819800;253;328;301500;326;114900;1.86;2.48;-0.62;3.11;0.00;0.92
2026-05-22;ghon;1755;1755;1755;1755;1700;4700;17;1750;200;1730;100;0.00;0.00;-3.13;3.13;0.00;0.01
2026-05-22;gjtl;1165;1165;1185;1190;1145;4673300;900;1190;138800;1185;495800;1.72;2.15;-1.72;3.86;0.00;5.45
2026-05-22;glva;336;0;324;350;324;8900;16;328;700;326;900;-3.57;4.17;-3.57;;-100.00;0.00
2026-05-22;gmtd;1780;1850;1820;1850;1780;6400;24;1820;36300;1700;100;2.25;3.93;0.00;3.78;3.93;0.01
2026-05-22;gold;280;280;256;280;250;55900;48;268;400;256;300;-8.57;0.00;-10.71;10.71;0.00;0.01
2026-05-22;golf;172;167;170;171;160;5052700;720;170;90100;169;1600;-1.16;-0.58;-6.98;6.59;-2.91;0.84
2026-05-22;good;334;334;332;334;324;96800;124;334;5700;332;3200;-0.60;0.00;-2.99;2.99;0.00;0.03
2026-05-22;gpra;100;101;99;103;96;5147300;326;100;50700;99;433100;-1.00;3.00;-4.00;6.93;1.00;0.51
2026-05-22;gpso;474;476;478;482;472;13002800;562;478;7100;476;11200;0.84;1.69;-0.42;2.10;0.42;6.21
2026-05-22;gria;116;116;116;118;116;566300;113;117;10900;116;75700;0.00;1.72;0.00;1.72;0.00;0.07
2026-05-22;gtbo;194;0;191;194;189;37700;35;192;2700;191;6000;-1.55;0.00;-2.58;;-100.00;0.01
2026-05-22;gtra;204;194;187;194;183;906100;215;189;738000;187;280900;-8.33;-4.90;-10.29;5.67;-4.90;0.17
2026-05-22;gtsi;158;150;171;172;150;24838800;2755;172;434800;171;4200;8.23;8.86;-5.06;14.67;-5.06;4.00
2026-05-22;gula;416;416;424;424;412;22376400;1216;424;88400;422;1120000;1.92;1.92;-0.96;2.88;0.00;9.37
2026-05-22;guna;188;188;190;199;185;168400;91;190;2000;188;600;1.06;5.85;-1.60;7.45;0.00;0.03
2026-05-22;gwsa;131;128;129;133;127;333200;106;132;4600;129;25800;-1.53;1.53;-3.05;4.69;-2.29;0.04
2026-05-22;gzco;145;145;156;156;137;18047000;1505;157;143000;156;585800;7.59;7.59;-5.52;13.10;0.00;2.66
2026-05-22;hais;176;177;176;178;173;525900;233;177;9600;175;6900;0.00;1.14;-1.70;2.82;0.57;0.09
2026-05-22;halo;70;67;72;74;67;17128700;1071;73;343400;72;726400;2.86;5.71;-4.29;10.45;-4.29;1.20
2026-05-22;hatm;280;278;280;284;270;27991000;2925;280;27400;278;300;0.00;1.43;-3.57;5.04;-0.71;7.83
2026-05-22;heal;980;980;975;995;960;2871800;1624;985;200;975;208700;-0.51;1.53;-2.04;3.57;0.00;2.81
2026-05-22;hero;400;400;400;402;388;449900;166;400;100;398;1900;0.00;0.50;-3.00;3.50;0.00;0.18
2026-05-22;hexa;4340;4350;4380;4380;4300;148200;239;4390;200;4380;9700;0.92;0.92;-0.92;1.84;0.23;0.64
2026-05-22;hgii;126;125;128;138;124;819400;266;128;12200;127;905700;1.59;9.52;-1.59;11.20;-0.79;0.10
2026-05-22;hits;116;0;116;0;0;0;0;0;0;0;0;0.00;-100.00;-100.00;;-100.00;0.00
2026-05-22;homi;206;0;204;208;198;2417400;152;200;500;197;5800;-0.97;0.97;-3.88;;-100.00;0.49
2026-05-22;hope;128;128;130;130;109;9892400;639;131;361300;130;18400;1.56;1.56;-14.84;16.41;0.00;1.24
2026-05-22;hrum;710;710;790;805;685;38312900;4215;795;222100;790;448200;11.27;13.38;-3.52;16.90;0.00;28.79
2026-05-22;humi;142;137;150;151;130;64895700;4804;150;94200;149;10400;5.63;6.34;-8.45;15.33;-3.52;9.29
2026-05-22;hygn;146;145;149;150;144;1127500;409;149;5200;145;20000;2.05;2.74;-1.37;4.14;-0.68;0.17
2026-05-22;iata;64;64;70;70;61;136433500;1285;70;355200;68;181300;9.38;9.38;-4.69;14.06;0.00;8.86
2026-05-22;ibst;8475;0;8475;0;0;0;0;0;0;0;0;0.00;-100.00;-100.00;;-100.00;0.00
2026-05-22;icbp;6675;6675;6825;6950;6575;5072300;3323;6825;5400;6800;24000;2.25;4.12;-1.50;5.62;0.00;34.49
2026-05-22;icon;107;107;115;116;107;26191200;2072;115;253200;114;507000;7.48;8.41;0.00;8.41;0.00;2.96
2026-05-22;idpr;298;0;298;300;294;17100;11;298;1500;294;10000;0.00;0.67;-1.34;;-100.00;0.01
2026-05-22;ifii;232;232;226;232;220;157600;79;226;95300;224;7200;-2.59;0.00;-5.17;5.17;0.00;0.04
2026-05-22;ifsh;1680;0;1680;1680;1680;6600;24;1680;26300;1650;100;0.00;0.00;0.00;;-100.00;0.01
2026-05-22;igar;442;442;450;450;442;7900;15;450;49800;448;1800;1.81;1.81;0.00;1.81;0.00;0.00
2026-05-22;ikan;79;79;80;82;76;5493600;511;80;300400;79;259900;1.27;3.80;-3.80;7.59;0.00;0.44
2026-05-22;ikbi;515;515;540;540;500;55600;49;540;23900;525;100;4.85;4.85;-2.91;7.77;0.00;0.03
2026-05-22;ikpm;192;0;186;189;182;48000;54;186;3000;185;3200;-3.13;-1.56;-5.21;;-100.00;0.01
2026-05-22;impc;1730;1775;1795;1825;1685;27171200;5744;1800;91500;1795;733500;3.76;5.49;-2.60;7.89;2.60;47.76
2026-05-22;inci;705;685;690;710;660;123800;70;695;10200;690;14600;-2.13;0.71;-6.38;7.30;-2.84;0.08
2026-05-22;inco;4670;4660;5550;5550;4560;68823000;12992;5575;61800;5550;316700;18.84;18.84;-2.36;21.24;-0.21;360.64
2026-05-22;indf;6750;6750;6725;6750;6575;2979100;2933;6725;28400;6700;2400;-0.37;0.00;-2.59;2.59;0.00;19.87
2026-05-22;indr;2190;0;2230;2270;2010;183500;105;2230;200;2090;800;1.83;3.65;-8.22;;-100.00;0.39
2026-05-22;inds;296;294;308;310;282;2882500;905;308;38000;306;1000;4.05;4.73;-4.73;9.52;-0.68;0.87
2026-05-22;indx;81;83;81;85;73;2790900;358;83;123400;81;105700;0.00;4.94;-9.88;14.46;2.47;0.23
2026-05-22;indy;2240;2230;2460;2520;2150;50124400;7957;2470;186400;2460;254200;9.82;12.50;-4.02;16.59;-0.45;118.44
2026-05-22;inet;218;208;230;230;202;195790300;9671;232;1696400;230;941100;5.50;5.50;-7.34;13.46;-4.59;43.39
2026-05-22;inkp;7925;7900;8100;8225;7650;7496400;3643;8175;200;8100;18900;2.21;3.79;-3.47;7.28;-0.32;59.82
2026-05-22;intd;254;252;258;272;240;1264800;405;258;134000;244;1500;1.57;7.09;-5.51;12.70;-0.79;0.32
2026-05-22;intp;4810;4860;4900;4920;4810;1635100;1379;4900;500;4890;3300;1.87;2.29;0.00;2.26;1.04;7.98
2026-05-22;ipcc;1205;1200;1215;1225;1190;813300;460;1220;59100;1215;183500;0.83;1.66;-1.24;2.92;-0.41;0.98
2026-05-22;ipcm;316;318;320;322;316;357500;201;320;25000;318;46200;1.27;1.90;0.00;1.89;0.63;0.11
2026-05-22;ipol;117;116;119;121;114;1291200;297;120;20900;118;100;1.71;3.42;-2.56;6.03;-0.85;0.15
2026-05-22;irra;378;376;378;384;370;1211500;412;378;515800;376;30200;0.00;1.59;-2.12;3.72;-0.53;0.45
2026-05-22;irsx;374;322;328;358;318;189054300;10551;330;394500;328;27700;-12.30;-4.28;-14.97;12.42;-13.90;61.67
2026-05-22;isat;2080;2100;2050;2110;2020;10055100;3723;2060;600;2050;205200;-1.44;1.44;-2.88;4.29;0.96;20.56
2026-05-22;issp;394;400;410;412;394;1307400;157;412;34700;410;39400;4.06;4.57;0.00;4.50;1.52;0.52
2026-05-22;itma;1855;1855;1810;1855;1755;63700;93;1840;400;1810;98400;-2.43;0.00;-5.39;5.39;0.00;0.12
2026-05-22;itmg;22325;22325;23175;23225;22000;2403800;4016;23175;18200;23150;1100;3.81;4.03;-1.46;5.49;0.00;54.65
2026-05-22;jast;79;78;82;83;73;4768700;466;82;62100;81;62500;3.80;5.06;-7.59;12.82;-1.27;0.37
2026-05-22;jati;98;98;98;99;92;12876500;818;98;128200;96;73800;0.00;1.02;-6.12;7.14;0.00;1.24
2026-05-22;jaya;127;126;128;131;123;4634000;769;130;22000;128;23500;0.79;3.15;-3.15;6.35;-0.79;0.59
2026-05-22;jecc;740;0;680;680;675;28300;30;680;7900;675;20100;-8.11;-8.11;-8.78;;-100.00;0.02
2026-05-22;jgle;71;0;64;64;64;57799500;1882;64;132046300;0;0;-9.86;-9.86;-9.86;;-100.00;3.70
2026-05-22;jihd;438;430;444;450;422;269000;97;444;3600;440;22800;1.37;2.74;-3.65;6.51;-1.83;0.12
2026-05-22;jkon;71;71;71;72;70;6104200;187;72;1186400;71;1000;0.00;1.41;-1.41;2.82;0.00;0.43
2026-05-22;jmas;264;264;272;320;256;16038100;1414;274;34000;272;139800;3.03;21.21;-3.03;24.24;0.00;4.84
2026-05-22;jpfa;2580;2580;2570;2590;2480;26395200;5741;2570;67600;2560;500;-0.39;0.39;-3.88;4.26;0.00;66.78
2026-05-22;jrpt;1090;0;1075;1090;1075;236300;29;1075;200000;1065;20000;-1.38;0.00;-1.38;;-100.00;0.25
2026-05-22;jspt;1310;1260;1220;1260;1210;24700;28;1220;100;1215;5400;-6.87;-3.82;-7.63;3.97;-3.82;0.03
2026-05-22;jtpe;605;600;610;610;585;1130800;251;610;127800;600;1700;0.83;0.83;-3.31;4.17;-0.83;0.68
2026-05-22;kaef;494;494;482;510;472;3197900;1055;482;19200;480;321800;-2.43;3.24;-4.45;7.69;0.00;1.54
2026-05-22;kaqi;89;89;96;101;87;98247100;5662;97;242500;96;726100;7.87;13.48;-2.25;15.73;0.00;9.45
2026-05-22;karw;282;0;280;282;280;137400;26;282;301900;280;5500;-0.71;0.00;-0.71;;-100.00;0.04
2026-05-22;kbli;322;322;322;324;310;1800900;106;322;700;316;500;0.00;0.62;-3.73;4.35;0.00;0.57
2026-05-22;kblm;306;300;296;308;290;165300;91;296;5100;292;3200;-3.27;0.65;-5.23;6.00;-1.96;0.05
2026-05-22;kdsi;448;0;448;448;430;9400;29;450;59300;438;100;0.00;0.00;-4.02;;-100.00;0.00
2026-05-22;kdtn;770;770;780;780;655;2201400;471;785;22100;780;13900;1.30;1.30;-14.94;16.23;0.00;1.56
2026-05-22;keen;860;865;880;880;860;6400100;539;880;33100;875;900;2.33;2.33;0.00;2.31;0.58;5.58
2026-05-22;keju;550;555;560;565;550;332900;63;565;4800;555;42800;1.82;2.73;0.00;2.70;0.91;0.18
2026-05-22;ketr;565;545;595;600;535;35805500;3212;600;971500;595;385200;5.31;6.19;-5.31;11.93;-3.54;20.16
2026-05-22;kici;206;210;206;210;196;614500;140;206;1200;202;400;0.00;1.94;-4.85;6.67;1.94;0.12
2026-05-22;kija;134;133;121;133;119;313114900;5205;122;18522800;121;1989700;-9.70;-0.75;-11.19;10.53;-0.75;38.10
2026-05-22;kino;1105;0;1110;1150;1110;52300;21;1120;100;1110;8900;0.45;4.07;0.45;;-100.00;0.06
2026-05-22;kios;86;84;87;94;78;15528200;2122;88;38700;87;30500;1.16;9.30;-9.30;19.05;-2.33;1.35
2026-05-22;kjen;174;169;165;171;160;32641600;3167;166;3100;165;19600;-5.17;-1.72;-8.05;6.51;-2.87;5.40
2026-05-22;kkgi;270;270;272;276;260;1768400;518;272;3000;270;7900;0.74;2.22;-3.70;5.93;0.00;0.47
2026-05-22;klas;71;70;70;73;65;11504500;843;71;221300;70;172500;-1.41;2.82;-8.45;11.43;-1.41;0.80
2026-05-22;klbf;810;805;800;810;790;41432000;6675;805;9800;800;659400;-1.23;0.00;-2.47;2.48;-0.62;33.07
2026-05-22;kmds;535;0;540;545;525;71400;32;540;24400;530;21300;0.93;1.87;-1.87;;-100.00;0.04
2026-05-22;koci;94;97;99;103;89;17945300;1449;99;227500;98;4400;5.32;9.57;-5.32;14.43;3.19;1.74
2026-05-22;koin;73;0;79;79;73;25200;11;79;17500;74;11000;8.22;8.22;0.00;;-100.00;0.00
2026-05-22;koka;108;108;119;143;99;35487800;7401;120;37600;119;3100;10.19;32.41;-8.33;40.74;0.00;4.58
2026-05-22;koni;2680;2680;2430;2680;2350;59300;159;2450;700;2430;900;-9.33;0.00;-12.31;12.31;0.00;0.14
2026-05-22;kopi;204;204;210;230;204;279100;211;210;3200;208;6400;2.94;12.75;0.00;12.75;0.00;0.06
2026-05-22;kota;116;105;121;126;101;351945000;15724;122;1620900;121;18200;4.31;8.62;-12.93;23.81;-9.48;41.57
2026-05-22;kpig;87;87;90;92;83;60608900;2169;91;82100;90;11800;3.45;5.75;-4.60;10.34;0.00;5.39
2026-05-22;ksix;316;0;322;340;298;184800;70;322;2000;320;100;1.90;7.59;-5.70;;-100.00;0.06
2026-05-22;kuas;87;86;94;114;83;82449100;5512;95;24300;94;1860100;8.05;31.03;-4.60;36.05;-1.15;8.12
2026-05-22;laba;88;90;99;111;83;50173400;5027;100;39600;99;1150900;12.50;26.14;-5.68;31.11;2.27;5.03
2026-05-22;labs;153;153;148;159;144;4080500;635;150;49900;148;98900;-3.27;3.92;-5.88;9.80;0.00;0.62
2026-05-22;land;63;61;66;66;57;19876600;1503;67;333000;65;265700;4.76;4.76;-9.52;14.75;-3.17;1.24
2026-05-22;lckm;165;141;141;141;141;4466900;896;141;34613400;0;0;-14.55;-14.55;-14.55;0.00;-14.55;0.63
2026-05-22;lion;376;374;380;388;362;30900;34;380;1200;378;100;1.06;3.19;-3.72;6.95;-0.53;0.01
2026-05-22;live;218;216;220;226;214;264500;76;220;44800;216;4200;0.92;3.67;-1.83;5.56;-0.92;0.06
2026-05-22;lmpi;150;0;152;157;142;66600;58;153;37700;150;3400;1.33;4.67;-5.33;;-100.00;0.01
2026-05-22;lmsh;256;0;256;0;0;0;0;0;0;0;0;0.00;-100.00;-100.00;;-100.00;0.00
2026-05-22;lpck;525;525;530;535;500;169500;169;535;7800;520;3600;0.95;1.90;-4.76;6.67;0.00;0.09
2026-05-22;lpin;394;394;392;394;370;222600;177;394;151300;392;60500;-0.51;0.00;-6.09;6.09;0.00;0.09
2026-05-22;lpkr;70;70;72;73;67;62407500;1293;73;694400;72;100500;2.86;4.29;-4.29;8.57;0.00;4.37
2026-05-22;lpli;242;0;252;260;242;124000;72;252;1300;246;13700;4.13;7.44;0.00;;-100.00;0.03
2026-05-22;lppf;1605;1605;1595;1605;1550;2344100;1324;1600;42100;1595;160800;-0.62;0.00;-3.43;3.43;0.00;3.72
2026-05-22;lrna;187;0;184;189;175;203600;118;184;91500;181;100;-1.60;1.07;-6.42;;-100.00;0.04
2026-05-22;lsip;1295;1290;1315;1340;1230;34108300;7336;1325;3700;1315;128100;1.54;3.47;-5.02;8.53;-0.39;43.73
2026-05-22;ltls;740;735;730;735;720;46800;60;735;500;730;1700;-1.35;-0.68;-2.70;2.04;-0.68;0.03
2026-05-22;luck;108;107;106;112;105;3443000;302;106;43800;105;425600;-1.85;3.70;-2.78;6.54;-0.93;0.37
2026-05-22;maha;145;145;146;149;143;11129000;597;146;239900;145;1198100;0.69;2.76;-1.38;4.14;0.00;1.62
2026-05-22;main;825;820;835;835;790;2568000;664;835;4700;830;7200;1.21;1.21;-4.24;5.49;-0.61;2.09
2026-05-22;mapa;595;595;580;595;570;7236900;1832;585;33900;580;322400;-2.52;0.00;-4.20;4.20;0.00;4.19
2026-05-22;mapb;1525;1525;1495;1525;1495;600;5;1510;3600;1300;200;-1.97;0.00;-1.97;1.97;0.00;0.00
2026-05-22;mapi;1485;1495;1505;1505;1485;20573200;3774;1505;2285000;1500;19400;1.35;1.35;0.00;1.34;0.67;30.79
2026-05-22;mark;795;795;810;810;770;24391000;2808;815;215600;810;59300;1.89;1.89;-3.14;5.03;0.00;19.48
2026-05-22;mbap;1550;0;1620;1700;1500;353600;210;1620;54300;1540;100;4.52;9.68;-3.23;;-100.00;0.55
2026-05-22;mbma;440;440;482;484;408;603822000;27069;484;565900;482;7857900;9.55;10.00;-7.27;17.27;0.00;280.08
2026-05-22;mbto;106;105;109;110;105;511900;96;110;41800;109;1000;2.83;3.77;-0.94;4.76;-0.94;0.05
2026-05-22;mcas;272;268;262;268;250;271200;246;262;19100;260;21500;-3.68;-1.47;-8.09;6.72;-1.47;0.07
2026-05-22;mcol;4050;4040;3590;4040;3590;159600;221;3610;5100;3590;1500;-11.36;-0.25;-11.36;11.14;-0.25;0.59
2026-05-22;mdiy;780;775;790;820;775;67300;151;810;600;790;3600;1.28;5.13;-0.64;5.81;-0.64;0.05
2026-05-22;mdka;2180;2180;2720;2720;2180;315769700;47515;0;0;2720;4101000;24.77;24.77;0.00;24.77;0.00;807.99
2026-05-22;mdki;185;185;191;194;180;1002500;202;191;500000;185;1500;3.24;4.86;-2.70;7.57;0.00;0.18
2026-05-22;mdla;212;210;206;214;200;10859400;783;208;153400;206;1475200;-2.83;0.94;-5.66;6.67;-0.94;2.24
2026-05-22;medc;1320;1210;1340;1360;1185;90321000;12914;1340;642600;1335;11100;1.52;3.03;-10.23;14.46;-8.33;117.71
2026-05-22;meds;90;90;91;100;85;90019000;8008;92;597700;91;3205500;1.11;11.11;-5.56;16.67;0.00;8.21
2026-05-22;merk;3980;0;4040;4170;3830;20600;80;4040;7000;3950;100;1.51;4.77;-3.77;;-100.00;0.08
2026-05-22;meta;238;0;238;0;0;0;0;0;0;0;0;0.00;-100.00;-100.00;;-100.00;0.00
2026-05-22;mfmi;1300;0;1300;0;0;0;0;0;0;0;0;0.00;-100.00;-100.00;;-100.00;0.00
2026-05-22;mgna;98;115;88;118;85;4794900;931;90;100;88;168300;-10.20;20.41;-13.27;28.70;17.35;0.47
2026-05-22;mhki;135;136;139;140;125;4231700;642;140;55800;139;56700;2.96;3.70;-7.41;11.03;0.74;0.57
2026-05-22;mice;486;484;484;515;482;21300;37;505;500;484;200;-0.41;5.97;-0.82;6.82;-0.41;0.01
2026-05-22;mika;1650;1650;1695;1710;1630;5930000;1789;1700;7800;1695;26100;2.73;3.64;-1.21;4.85;0.00;9.97
2026-05-22;mina;270;260;310;312;258;238055200;15090;310;780800;308;396200;14.81;15.56;-4.44;20.77;-3.70;68.72
2026-05-22;mine;254;256;260;262;244;2421300;321;260;15000;256;9200;2.36;3.15;-3.94;7.03;0.79;0.61
2026-05-22;miti;164;164;175;197;164;2681300;606;185;1600;175;29600;6.71;20.12;0.00;20.12;0.00;0.49
2026-05-22;mkap;1080;1080;1085;1085;1070;397200;51;1085;100200;1070;118100;0.46;0.46;-0.93;1.39;0.00;0.43
2026-05-22;mkpi;21850;0;21875;21875;21800;40200;111;21900;2400;21750;100;0.11;0.11;-0.23;;-100.00;0.88
2026-05-22;mktr;125;129;125;129;120;293100;64;125;4200;122;1000;0.00;3.20;-4.00;6.98;3.20;0.04
2026-05-22;mlia;252;0;250;252;250;45700;30;250;63100;248;21500;-0.79;0.00;-0.79;;-100.00;0.01
2026-05-22;mlpl;83;82;86;86;81;27100500;1006;87;267100;86;444900;3.61;3.61;-2.41;6.10;-1.20;2.26
2026-05-22;mlpt;19225;0;19200;19750;18875;16800;87;19200;4100;19025;300;-0.13;2.73;-1.82;;-100.00;0.32
2026-05-22;mmix;360;358;362;370;314;6387300;417;368;61500;362;13400;0.56;2.78;-12.78;15.64;-0.56;2.27
2026-05-22;mmlp;316;316;312;318;310;930500;140;318;45700;310;93100;-1.27;0.63;-1.90;2.53;0.00;0.29
2026-05-22;mncn;202;204;206;206;198;30755400;867;206;558000;204;232100;1.98;1.98;-1.98;3.92;0.99;6.25
2026-05-22;mora;6500;6550;6700;7100;6300;926100;1964;6750;5300;6700;700;3.08;9.23;-3.08;12.21;0.77;6.29
2026-05-22;mpix;84;86;83;87;82;13310200;949;84;630800;83;49800;-1.19;3.57;-2.38;5.81;2.38;1.11
2026-05-22;mpmx;995;995;995;1000;990;6176800;966;1000;147600;995;110200;0.00;0.50;-0.50;1.01;0.00;6.14
2026-05-22;mpow;114;113;114;128;110;37060900;3079;115;49700;114;400300;0.00;12.28;-3.51;15.93;-0.88;4.42
2026-05-22;mpro;9000;0;9000;0;0;0;0;10800;300;7650;100;0.00;-100.00;-100.00;;-100.00;0.00
2026-05-22;mpxl;157;157;150;157;149;545000;293;150;24100;149;20900;-4.46;0.00;-5.10;5.10;0.00;0.08
2026-05-22;mrat;430;0;416;430;416;252600;45;420;35700;416;64100;-3.26;0.00;-3.26;;-100.00;0.11
2026-05-22;msin;530;535;540;540;498;10484400;3255;540;211500;535;40000;1.89;1.89;-6.04;7.85;0.94;5.52
2026-05-22;msja;398;396;400;436;384;19178600;660;400;3800;394;110300;0.50;9.55;-3.52;13.13;-0.50;7.63
2026-05-22;msky;63;63;60;63;54;25555900;957;61;14300;59;87300;-4.76;0.00;-14.29;14.29;0.00;1.44
2026-05-22;msti;1370;1370;1380;1380;1355;1840300;667;1380;69500;1375;200;0.73;0.73;-1.09;1.82;0.00;2.51
2026-05-22;mtdl;550;550;545;550;540;6486500;304;550;31400;545;13600;-0.91;0.00;-1.82;1.82;0.00;3.53
2026-05-22;mtel;505;500;505;505;498;9403000;505;505;376700;500;591000;0.00;0.00;-1.39;1.40;-0.99;4.72
2026-05-22;mtla;510;0;510;510;496;7900;18;510;8700;500;100;0.00;0.00;-2.75;;-100.00;0.00
2026-05-22;mtmh;945;0;1060;1065;935;31300;36;1055;100;960;400;12.17;12.70;-1.06;;-100.00;0.03
2026-05-22;mtsm;500;0;500;0;0;0;0;0;0;0;0;0.00;-100.00;-100.00;;-100.00;0.00
2026-05-22;mutu;102;102;108;113;98;3980400;356;109;5100;108;8600;5.88;10.78;-3.92;14.71;0.00;0.42
2026-05-22;myoh;1175;0;1155;1170;1135;16000;52;1200;700;1155;1000;-1.70;-0.43;-3.40;;-100.00;0.02
2026-05-22;myor;1850;1820;1860;1875;1820;4761400;3978;1865;173000;1860;9800;0.54;1.35;-1.62;3.02;-1.62;8.85
2026-05-22;naik;91;92;91;93;90;6931900;845;92;523800;91;97700;0.00;2.20;-1.10;3.26;1.10;0.63
2026-05-22;nasi;126;126;125;127;122;743900;155;126;15400;125;40300;-0.79;0.79;-3.17;3.97;0.00;0.09
2026-05-22;nckl;815;810;855;860;775;94731600;9932;860;168600;855;1174800;4.91;5.52;-4.91;10.49;-0.61;78.18
2026-05-22;nely;244;244;248;250;220;685500;307;248;12100;242;1000;1.64;2.46;-9.84;12.30;0.00;0.16
2026-05-22;nfcx;1700;0;1700;1715;1550;91700;27;1700;10800;1650;100;0.00;0.88;-8.82;;-100.00;0.15
2026-05-22;nice;280;0;280;284;266;307300;138;280;57600;270;152800;0.00;1.43;-5.00;;-100.00;0.08
2026-05-22;nicl;560;555;575;590;520;6215800;1128;580;28200;575;143200;2.68;5.36;-7.14;12.61;-0.89;3.47
2026-05-22;npgf;64;64;67;67;62;6224100;298;67;552100;66;400;4.69;4.69;-3.13;7.81;0.00;0.40
2026-05-22;nrca;444;446;476;476;426;9933100;1727;478;115900;476;10000;7.21;7.21;-4.05;11.21;0.45;4.54
2026-05-22;ntbk;83;82;85;87;73;35898800;1714;86;852600;85;127600;2.41;4.82;-12.05;17.07;-1.20;2.94
2026-05-22;nzia;124;120;117;124;111;8964600;1113;118;52100;117;35300;-5.65;0.00;-10.48;10.83;-3.23;1.05
2026-05-22;oasa;376;360;390;396;344;70443800;5832;392;250200;390;65100;3.72;5.32;-8.51;14.44;-4.26;26.44
2026-05-22;obat;274;274;282;284;262;551300;231;282;6200;278;100;2.92;3.65;-4.38;8.03;0.00;0.15
2026-05-22;obmd;200;200;206;208;193;620000;65;206;5100;202;100;3.00;4.00;-3.50;7.50;0.00;0.12
2026-05-22;oils;198;198;200;208;187;5925000;686;202;500;200;59200;1.01;5.05;-5.56;10.61;0.00;1.16
2026-05-22;okas;99;101;100;103;98;3501100;178;101;1300;99;3100;1.01;4.04;-1.01;4.95;2.02;0.35
2026-05-22;omed;238;242;242;244;228;45942100;698;244;486200;242;2600;1.68;2.52;-4.20;6.61;1.68;10.94
2026-05-22;omre;840;0;780;780;780;27800;6;780;2200;0;0;-7.14;-7.14;-7.14;;-100.00;0.02
2026-05-22;opms;104;98;108;111;97;1703200;354;109;22600;108;40000;3.85;6.73;-6.73;14.29;-5.77;0.18
2026-05-22;pada;126;126;134;134;114;14090200;1199;135;438500;134;152200;6.35;6.35;-9.52;15.87;0.00;1.80
2026-05-22;palm;342;342;332;342;320;994800;246;336;60400;328;45000;-2.92;0.00;-6.43;6.43;0.00;0.33
2026-05-22;pani;7500;7600;7800;7800;7400;6780800;3547;7825;10500;7800;12000;4.00;4.00;-1.33;5.26;1.33;51.36
2026-05-22;panr;496;496;498;500;488;140800;96;498;10500;492;200;0.40;0.81;-1.61;2.42;0.00;0.07
2026-05-22;pbid;478;478;470;478;464;2377700;880;470;241400;468;157200;-1.67;0.00;-2.93;2.93;0.00;1.12
2026-05-22;pbsa;680;680;850;850;605;7476400;1174;0;0;850;84100;25.00;25.00;-11.03;36.03;0.00;6.09
2026-05-22;pdpp;252;0;272;274;240;269800;158;272;162100;268;100;7.94;8.73;-4.76;;-100.00;0.07
2026-05-22;peha;284;280;288;294;270;841600;275;290;500;286;190500;1.41;3.52;-4.93;8.57;-1.41;0.24
2026-05-22;peve;320;0;332;334;320;37500;62;330;2500;320;800;3.75;4.38;0.00;;-100.00;0.01
2026-05-22;pgas;1825;1830;1820;1835;1775;15048800;5648;1820;66200;1815;26900;-0.27;0.55;-2.74;3.28;0.27;27.25
2026-05-22;pgeo;920;920;925;935;890;16493100;3584;930;250800;925;546100;0.54;1.63;-3.26;4.89;0.00;15.13
2026-05-22;pgli;208;208;177;220;177;3871600;606;178;3000;177;8200;-14.90;5.77;-14.90;20.67;0.00;0.70
2026-05-22;pgun;7000;7000;7400;8000;6975;14400;95;7400;300;7100;100;5.71;14.29;-0.36;14.64;0.00;0.11
2026-05-22;pico;137;137;136;137;128;143800;80;136;1700;135;100;-0.73;0.00;-6.57;6.57;0.00;0.02
2026-05-22;pipa;120;129;120;130;111;47199000;3469;122;10000;120;525200;0.00;8.33;-7.50;14.73;7.50;5.73
2026-05-22;pjaa;472;0;472;472;462;110500;49;472;10300;470;2700;0.00;0.00;-2.12;;-100.00;0.05
2026-05-22;pkpk;2510;2510;2920;2970;2510;3191100;1071;2930;200;2920;700;16.33;18.33;0.00;18.33;0.00;8.74
2026-05-22;plin;2510;0;2510;0;0;0;0;0;0;0;0;0.00;-100.00;-100.00;;-100.00;0.00
2026-05-22;pmjs;113;110;112;114;108;493800;102;113;448500;112;8700;-0.88;0.88;-4.42;5.45;-2.65;0.05
2026-05-22;pngo;3400;3550;3440;3550;3420;35700;41;3480;2800;3440;800;1.18;4.41;0.59;3.66;4.41;0.13
2026-05-22;pnse;595;520;530;595;520;8800;27;590;500;530;2000;-10.92;0.00;-12.61;14.42;-12.61;0.00
2026-05-22;poli;870;0;810;825;765;19700;33;820;4000;780;100;-6.90;-5.17;-12.07;;-100.00;0.02
2026-05-22;polu;11350;11350;9800;11350;9650;15400;100;10200;100;9800;400;-13.66;0.00;-14.98;14.98;0.00;0.15
2026-05-22;port;890;0;920;920;855;3000;20;905;2500;880;100;3.37;3.37;-3.93;;-100.00;0.00
2026-05-22;powr;715;710;700;715;695;14261300;2323;700;22100;695;2363700;-2.10;0.00;-2.80;2.82;-0.70;10.02
2026-05-22;ppre;99;97;106;106;95;27470100;2238;107;235000;106;533300;7.07;7.07;-4.04;11.34;-2.02;2.80
2026-05-22;ppri;140;140;142;145;126;2534200;252;143;34000;142;1300;1.43;3.57;-10.00;13.57;0.00;0.35
2026-05-22;pray;735;0;735;735;710;7800;11;735;9400;715;100;0.00;0.00;-3.40;;-100.00;0.01
2026-05-22;prda;2550;2530;2510;2540;2470;271500;196;2530;2000;2510;22600;-1.57;-0.39;-3.14;2.77;-0.78;0.68
2026-05-22;prim;87;87;86;87;80;12622900;861;87;528200;86;9400;-1.15;0.00;-8.05;8.05;0.00;1.07
2026-05-22;psab;372;368;426;426;360;110834100;5793;428;253600;426;566200;14.52;14.52;-3.23;17.93;-1.08;45.35
2026-05-22;psdn;126;117;129;136;116;6333400;1093;130;42500;129;1700;2.38;7.94;-7.94;17.09;-7.14;0.83
2026-05-22;psgo;197;198;196;198;191;571300;163;196;530400;195;100;-0.51;0.51;-3.05;3.54;0.51;0.11
2026-05-22;pskt;192;192;202;206;177;13590500;1075;204;99600;202;277100;5.21;7.29;-7.81;15.10;0.00;2.68
2026-05-22;pssi;284;282;290;290;280;48100;68;290;6600;288;2300;2.11;2.11;-1.41;3.55;-0.70;0.01
2026-05-22;ptba;2710;2710;2720;2760;2640;15862400;8681;2730;4000;2720;180000;0.37;1.85;-2.58;4.43;0.00;42.92
2026-05-22;ptis;292;0;288;292;286;13200;16;288;1300;286;500;-1.37;0.00;-2.05;;-100.00;0.00
2026-05-22;ptmp;61;60;64;66;57;9877300;760;65;100000;64;500;4.92;8.20;-6.56;15.00;-1.64;0.62
2026-05-22;ptmr;374;0;374;0;0;0;0;0;0;0;0;0.00;-100.00;-100.00;;-100.00;0.00
2026-05-22;ptpp;210;210;214;214;204;4091400;518;214;122500;212;381100;1.90;1.90;-2.86;4.76;0.00;0.86
2026-05-22;ptps;135;134;137;139;132;2529100;462;138;100;137;15500;1.48;2.96;-2.22;5.22;-0.74;0.34
2026-05-22;ptpw;925;930;930;930;930;12100;14;935;4800;930;200;0.54;0.54;0.54;0.00;0.54;0.01
2026-05-22;ptro;3460;3450;3750;3770;3170;88602200;29166;3760;130100;3750;762500;8.38;8.96;-8.38;17.39;-0.29;318.90
2026-05-22;ptsn;266;262;270;272;256;802200;101;270;600;268;45600;1.50;2.26;-3.76;6.11;-1.50;0.21
2026-05-22;ptsp;895;0;900;900;865;32100;24;905;1100;900;76600;0.56;0.56;-3.35;;-100.00;0.03
2026-05-22;puri;131;125;137;146;125;2125600;351;137;3200;136;10000;4.58;11.45;-4.58;16.80;-4.58;0.29
2026-05-22;pwon;290;290;292;294;284;46993200;3835;294;43200;292;400;0.69;1.38;-2.07;3.45;0.00;13.63
2026-05-22;pzza;188;190;189;194;184;1097000;123;189;22700;187;9100;0.53;3.19;-2.13;5.26;1.06;0.21
2026-05-22;raam;185;185;200;200;179;1315900;455;200;28500;194;100;8.11;8.11;-3.24;11.35;0.00;0.25
2026-05-22;raja;3010;2950;3420;3430;2810;38476900;11878;3430;10900;3420;380800;13.62;13.95;-6.64;21.02;-1.99;120.81
2026-05-22;rals;450;400;396;402;390;14724000;2637;396;333000;394;505600;-12.00;-10.67;-13.33;3.00;-11.11;5.82
2026-05-22;ranc;510;0;515;520;484;10700;33;515;900;496;13900;0.98;1.96;-5.10;;-100.00;0.01
2026-05-22;ratu;3860;3860;4380;4380;3620;10762800;5476;4390;3100;4380;17400;13.47;13.47;-6.22;19.69;0.00;43.13
2026-05-22;rbms;64;0;70;70;58;16960900;458;0;0;70;271900;9.38;9.38;-9.38;;-100.00;1.08
2026-05-22;rdtx;15400;0;15400;15500;15400;600;4;16775;100;15400;200;0.00;0.65;0.00;;-100.00;0.01
2026-05-22;rgas;95;95;98;98;90;5028500;288;98;321100;97;500;3.16;3.16;-5.26;8.42;0.00;0.48
2026-05-22;rigs;685;0;690;690;655;34600;33;685;600;670;16000;0.73;0.73;-4.38;;-100.00;0.02
2026-05-22;rise;1430;1430;1340;1430;1300;285000;274;1345;700;1340;800;-6.29;0.00;-9.09;9.09;0.00;0.39
2026-05-22;rmke;2760;2650;2910;2970;2360;29884700;5353;2920;23100;2910;145500;5.43;7.61;-14.49;23.02;-3.99;81.15
2026-05-22;rmko;334;334;346;348;284;12377100;1165;348;206000;346;81000;3.59;4.19;-14.97;19.16;0.00;3.99
2026-05-22;rock;1905;1820;1750;1820;1640;116500;123;1750;900;1740;3700;-8.14;-4.46;-13.91;9.89;-4.46;0.20
2026-05-22;roda;63;63;64;65;56;12047000;730;65;192500;64;15800;1.59;3.17;-11.11;14.29;0.00;0.75
2026-05-22;rony;1160;1010;1045;1065;990;132800;242;1045;300;1005;1000;-9.91;-8.19;-14.66;7.43;-12.93;0.13
2026-05-22;roti;505;500;510;515;488;1626000;599;515;519300;510;3600;0.99;1.98;-3.37;5.40;-0.99;0.82
2026-05-22;rsch;256;256;260;274;252;43680500;733;262;100;260;2800;1.56;7.03;-1.56;8.59;0.00;11.58
2026-05-22;rsgk;860;0;910;920;860;1700;8;910;2900;865;1000;5.81;6.98;0.00;;-100.00;0.00
2026-05-22;ruis;172;172;180;181;171;886100;70;181;6300;180;2900;4.65;5.23;-0.58;5.81;0.00;0.15
2026-05-22;safe;324;0;324;328;294;306200;78;322;4400;304;100;0.00;1.23;-9.26;;-100.00;0.10
2026-05-22;same;310;300;310;318;298;540500;143;316;29200;310;184500;0.00;2.58;-3.87;6.67;-3.23;0.17
2026-05-22;samf;288;316;292;316;284;299600;122;292;759500;290;1100;1.39;9.72;-1.39;10.13;9.72;0.09
2026-05-22;sapx;210;0;204;208;195;132300;69;204;32500;197;18400;-2.86;-0.95;-7.14;;-100.00;0.03
2026-05-22;satu;256;256;254;256;254;412100;44;256;72600;254;41600;-0.78;0.00;-0.78;0.78;0.00;0.10
2026-05-22;sbma;111;110;112;113;105;2123400;60;112;124300;111;5000;0.90;1.80;-5.41;7.27;-0.90;0.23
2026-05-22;scco;2380;0;2360;2400;2330;127300;59;2390;300;2360;400;-0.84;0.84;-2.10;;-100.00;0.30
2026-05-22;scma;222;220;220;224;214;35770700;1848;222;300;220;1885700;-0.90;0.90;-3.60;4.55;-0.90;7.85
2026-05-22;scnp;160;0;152;165;152;381800;65;162;900;152;6800;-5.00;3.13;-5.00;;-100.00;0.06
2026-05-22;scpi;29000;0;29000;0;0;0;0;0;0;0;0;0.00;-100.00;-100.00;;-100.00;0.00
2026-05-22;sdmu;71;71;74;76;65;9619700;991;75;44000;74;201000;4.23;7.04;-8.45;15.49;0.00;0.70
2026-05-22;sema;103;103;104;106;101;722600;119;105;146300;104;14700;0.97;2.91;-1.94;4.85;0.00;0.07
2026-05-22;sger;280;276;296;302;262;3275300;486;298;15700;296;23800;5.71;7.86;-6.43;14.49;-1.43;0.95
2026-05-22;sgro;2910;0;2850;2890;2740;80900;124;2860;300;2850;200;-2.06;-0.69;-5.84;;-100.00;0.23
2026-05-22;shid;725;0;730;740;690;3800;25;730;2700;700;100;0.69;2.07;-4.83;;-100.00;0.00
2026-05-22;sico;106;106;109;110;104;2487000;261;110;244300;109;152700;2.83;3.77;-1.89;5.66;0.00;0.27
2026-05-22;sido;390;390;408;412;378;42063900;4705;408;32300;406;257500;4.62;5.64;-3.08;8.72;0.00;16.61
2026-05-22;silo;2370;2400;2390;2430;2350;363900;565;2400;25000;2390;7000;0.84;2.53;-0.84;3.33;1.27;0.88
2026-05-22;simp;535;530;560;565;520;24252300;2890;565;259200;560;1662000;4.67;5.61;-2.80;8.49;-0.93;13.03
2026-05-22;sipd;810;0;780;800;760;10600;13;790;100;770;100;-3.70;-1.23;-6.17;;-100.00;0.01
2026-05-22;skbm;540;540;515;545;500;294700;184;520;1800;515;5500;-4.63;0.93;-7.41;8.33;0.00;0.15
2026-05-22;sklt;190;187;187;188;184;43200;47;193;8800;187;8900;-1.58;-1.05;-3.16;2.14;-1.58;0.01
2026-05-22;skrn;430;430;434;450;430;195600;106;436;20200;434;1200;0.93;4.65;0.00;4.65;0.00;0.08
2026-05-22;slis;71;70;71;73;64;9923100;811;71;798500;70;693500;0.00;2.82;-9.86;12.86;-1.41;0.69
2026-05-22;smar;4810;4820;5100;5325;4780;154600;311;5100;8600;5025;100;6.03;10.71;-0.62;11.31;0.21;0.76
2026-05-22;smbr;164;164;165;167;159;1972300;461;166;15000;165;38100;0.61;1.83;-3.05;4.88;0.00;0.32
2026-05-22;smcb;775;0;775;0;0;0;0;0;0;0;0;0.00;-100.00;-100.00;;-100.00;0.00
2026-05-22;smdm;500;0;494;500;480;63500;44;496;1100;494;800;-1.20;0.00;-4.00;;-100.00;0.03
2026-05-22;smdr;290;290;306;306;284;12628300;1424;306;1513300;304;19100;5.52;5.52;-2.07;7.59;0.00;3.74
2026-05-22;smga;67;62;71;71;62;7387200;607;71;218200;70;1079000;5.97;5.97;-7.46;14.52;-7.46;0.49
2026-05-22;smgr;1775;1775;1765;1790;1750;9199600;2509;1770;2900;1765;135600;-0.56;0.85;-1.41;2.25;0.00;16.31
2026-05-22;smil;272;272;264;276;264;10647200;911;264;39100;262;1066100;-2.94;1.47;-2.94;4.41;0.00;2.85
2026-05-22;smkl;155;160;144;160;140;1115300;173;145;500;144;29500;-7.10;3.23;-9.68;12.50;3.23;0.17
2026-05-22;smle;110;102;102;110;98;746000;153;102;33700;101;13300;-7.27;0.00;-10.91;11.76;-7.27;0.08
2026-05-22;smmt;1540;1540;1700;1790;1520;179500;192;1700;7300;1685;1300;10.39;16.23;-1.30;17.53;0.00;0.29
2026-05-22;smra;288;288;290;294;280;19299300;1537;290;2178000;288;694200;0.69;2.08;-2.78;4.86;0.00;5.55
2026-05-22;smsm;1710;1710;1690;1710;1680;1356000;1480;1700;100;1690;42700;-1.17;0.00;-1.75;1.75;0.00;2.30
2026-05-22;snlk;236;236;242;244;226;19521500;950;242;9300;240;59500;2.54;3.39;-4.24;7.63;0.00;4.64
2026-05-22;soci;362;350;388;388;342;15602700;1601;390;142600;388;611900;7.18;7.18;-5.52;13.14;-3.31;5.73
2026-05-22;soho;1605;1605;1595;1635;1550;26900;83;1595;1700;1565;100;-0.62;1.87;-3.43;5.30;0.00;0.04
2026-05-22;sola;110;110;111;111;101;4707100;383;111;145200;110;35300;0.91;0.91;-8.18;9.09;0.00;0.50
2026-05-22;sona;2100;0;2260;2300;2100;26700;56;2260;100;2130;300;7.62;9.52;0.00;;-100.00;0.06
2026-05-22;soss;805;0;805;805;805;700;5;805;2700;0;0;0.00;0.00;0.00;;-100.00;0.00
2026-05-22;sots;875;920;760;985;745;3878400;2252;765;12700;760;141800;-13.14;12.57;-14.86;26.09;5.14;3.20
2026-05-22;spma;206;206;202;206;198;228800;114;202;11900;200;101100;-1.94;0.00;-3.88;3.88;0.00;0.05
2026-05-22;spto;550;550;555;555;530;1610900;497;555;6600;550;156900;0.91;0.91;-3.64;4.55;0.00;0.87
2026-05-22;sraj;14000;0;14000;0;0;0;0;13750;200;12925;2000;0.00;-100.00;-100.00;;-100.00;0.00
2026-05-22;srtg;1590;1590;1645;1685;1565;7272800;3673;1650;200;1645;15000;3.46;5.97;-1.57;7.55;0.00;11.84
2026-05-22;ssia;1630;1620;1600;1645;1550;35947200;9450;1605;1000;1600;1055800;-1.84;0.92;-4.91;5.86;-0.61;56.95
2026-05-22;sstm;500;0;486;510;466;610500;160;500;600;488;600;-2.80;2.00;-6.80;;-100.00;0.30
2026-05-22;staa;1045;1045;1025;1045;990;7531000;1025;1025;14000;1020;8200;-1.91;0.00;-5.26;5.26;0.00;7.63
2026-05-22;sttp;9500;0;9500;9700;9500;1300;10;9800;800;9475;200;0.00;2.11;0.00;;-100.00;0.01
2026-05-22;suli;94;94;85;95;80;7727500;1536;86;200500;85;54300;-9.57;1.06;-14.89;15.96;0.00;0.66
2026-05-22;suni;615;615;660;660;605;1050200;229;660;139700;655;4000;7.32;7.32;-1.63;8.94;0.00;0.66
2026-05-22;supr;43850;0;43850;0;0;0;0;0;0;0;0;0.00;-100.00;-100.00;;-100.00;0.00
2026-05-22;suri;69;70;70;71;66;4500500;491;70;474200;69;77900;1.45;2.90;-4.35;7.14;1.45;0.31
2026-05-22;swid;91;91;92;97;89;2126600;344;93;9200;92;3200;1.10;6.59;-2.20;8.79;0.00;0.20
2026-05-22;talf;625;0;780;780;615;762700;526;0;0;780;68600;24.80;24.80;-1.60;;-100.00;0.55
2026-05-22;tama;197;0;195;195;181;3057000;261;196;57600;195;74700;-1.02;-1.02;-8.12;;-100.00;0.58
2026-05-22;tapg;1505;1500;1620;1650;1465;58841800;10743;1620;139600;1615;4300;7.64;9.63;-2.66;12.33;-0.33;90.46
2026-05-22;tbms;1255;0;1280;1285;1255;6300;22;1290;300;1280;100;1.99;2.39;0.00;;-100.00;0.01
2026-05-22;tcid;2870;0;2770;2910;2710;7100;13;2880;400;2770;1700;-3.48;1.39;-5.57;;-100.00;0.02
2026-05-22;tcpi;11200;11200;11325;11325;10925;4697600;2119;11350;1600;11250;30100;1.12;1.12;-2.46;3.57;0.00;52.66
2026-05-22;tebe;915;925;1015;1040;820;2017400;936;1020;19700;1015;10200;10.93;13.66;-10.38;23.78;1.09;1.94
2026-05-22;tfas;210;210;212;214;206;862200;60;214;68400;212;1100;0.95;1.90;-1.90;3.81;0.00;0.18
2026-05-22;tfco;600;0;600;0;0;0;0;615;100;600;900;0.00;-100.00;-100.00;;-100.00;0.00
2026-05-22;tgka;5125;0;5000;5350;5000;28600;106;5125;200;4990;100;-2.44;4.39;-2.44;;-100.00;0.15
2026-05-22;tguk;137;0;137;0;0;0;0;0;0;0;0;0.00;-100.00;-100.00;;-100.00;0.00
2026-05-22;tins;3130;3100;3580;3700;3020;144854400;19340;3580;2816900;3560;1000;14.38;18.21;-3.51;21.94;-0.96;488.90
2026-05-22;tira;615;655;610;690;535;83300;143;610;11100;605;200;-0.81;12.20;-13.01;23.66;6.50;0.05
2026-05-22;tirt;382;0;382;382;346;389000;75;400;14100;380;100;0.00;0.00;-9.42;;-100.00;0.14
2026-05-22;tkim;6550;6325;6050;6400;5825;11837600;9702;6100;600;6050;130600;-7.63;-2.29;-11.07;9.09;-3.44;71.70
2026-05-22;tldn;525;515;530;535;500;877600;337;535;4400;530;7200;0.95;1.90;-4.76;6.80;-1.90;0.45
2026-05-22;tlkm;3000;3000;2920;3010;2850;138085300;22544;2920;864500;2910;19500;-2.67;0.33;-5.00;5.33;0.00;400.16
2026-05-22;tmas;118;118;118;119;115;4115300;412;119;831500;118;98100;0.00;0.85;-2.54;3.39;0.00;0.48
2026-05-22;tmpo;104;109;108;130;107;27263600;3822;110;130600;108;447800;3.85;25.00;2.88;21.10;4.81;3.17
2026-05-22;tnca;170;0;165;170;153;113500;94;166;52000;165;78800;-2.94;0.00;-10.00;;-100.00;0.02
2026-05-22;toba;418;420;448;448;380;14702500;1926;450;157700;448;642000;7.18;7.18;-9.09;16.19;0.48;6.26
2026-05-22;tool;74;76;75;77;73;25283800;1506;76;930000;75;146200;1.35;4.05;-1.35;5.26;2.70;1.89
2026-05-22;totl;1020;1020;1055;1055;1015;2636300;744;1060;17400;1055;300;3.43;3.43;-0.49;3.92;0.00;2.73
2026-05-22;toto;244;244;244;248;240;883400;302;246;28700;244;41400;0.00;1.64;-1.64;3.28;0.00;0.21
2026-05-22;tpia;2270;2050;2000;2280;1960;305013700;33548;2010;279200;2000;480200;-11.89;0.44;-13.66;15.61;-9.69;633.45
2026-05-22;tpma;496;496;496;505;482;26642900;1495;498;305500;496;691300;0.00;1.81;-2.82;4.64;0.00;13.13
2026-05-22;tris;168;167;170;178;162;1869400;258;170;36000;169;2000;1.19;5.95;-3.57;9.58;-0.60;0.31
2026-05-22;tron;99;99;99;104;95;5896000;598;100;23300;99;206900;0.00;5.05;-4.04;9.09;0.00;0.59
2026-05-22;trst;426;0;450;450;424;31300;32;454;100;434;600;5.63;5.63;-0.47;;-100.00;0.01
2026-05-22;true;100;90;108;108;90;26302300;2133;109;366500;108;45400;8.00;8.00;-10.00;20.00;-10.00;2.71
2026-05-22;truk;352;352;382;404;320;442700;460;382;12300;378;17900;8.52;14.77;-9.09;23.86;0.00;0.17
2026-05-22;tspc;2390;2390;2380;2390;2360;275400;247;2390;108400;2380;900;-0.42;0.00;-1.26;1.26;0.00;0.66
2026-05-22;tyre;109;110;108;114;102;248600;119;109;38200;108;1900;-0.92;4.59;-6.42;10.91;0.92;0.03
2026-05-22;uang;2100;2150;2400;2410;2030;573100;708;2410;100;2400;5400;14.29;14.76;-3.33;17.67;2.38;1.29
2026-05-22;ucid;378;0;376;380;368;420300;194;378;400;376;51100;-0.53;0.53;-2.65;;-100.00;0.16
2026-05-22;ufoe;134;137;134;137;128;130800;87;135;169700;132;4800;0.00;2.24;-4.48;6.57;2.24;0.02
2026-05-22;ultj;1570;1575;1635;1655;1555;4790300;2698;1635;408000;1630;600;4.14;5.41;-0.96;6.35;0.32;7.79
2026-05-22;unic;14200;14300;14600;14900;14000;146300;275;14650;100;14600;200;2.82;4.93;-1.41;6.29;0.70;2.09
2026-05-22;uniq;107;0;107;110;103;863000;158;108;38400;107;48400;0.00;2.80;-3.74;;-100.00;0.09
2026-05-22;untd;73;73;73;74;69;15928500;333;73;25400;72;1300;0.00;1.37;-5.48;6.85;0.00;1.15
2026-05-22;untr;24100;24100;24050;24225;23500;5451100;6377;24100;2200;24050;2700;-0.21;0.52;-2.49;3.01;0.00;130.67
2026-05-22;unvr;1750;1755;1765;1775;1745;8894800;2716;1770;500;1765;106100;0.86;1.43;-0.29;1.71;0.29;15.67
2026-05-22;uvcr;226;226;228;230;220;67434700;1353;228;270400;226;3301800;0.88;1.77;-2.65;4.42;0.00;15.19
2026-05-22;vast;120;121;118;121;110;1701000;192;118;7900;117;15100;-1.67;0.83;-8.33;9.09;0.83;0.20
2026-05-22;vern;115;0;119;120;114;677900;102;120;13900;119;13700;3.48;4.35;-0.87;;-100.00;0.08
2026-05-22;vici;545;540;550;550;525;655700;118;550;5400;540;1900;0.92;0.92;-3.67;4.63;-0.92;0.35
2026-05-22;visi;735;0;760;765;715;248500;102;760;32500;745;11900;3.40;4.08;-2.72;;-100.00;0.18
2026-05-22;vktr;655;660;745;765;655;73910600;9447;750;359800;745;258200;13.74;16.79;0.00;16.67;0.76;52.20
2026-05-22;voks;220;226;212;226;204;215900;182;214;700;208;4200;-3.64;2.73;-7.27;9.73;2.73;0.05
2026-05-22;wapo;118;118;120;123;118;225400;83;121;17600;120;64200;1.69;4.24;0.00;4.24;0.00;0.03
2026-05-22;weha;115;115;116;120;114;1870500;330;117;13100;116;43400;0.87;4.35;-0.87;5.22;0.00;0.22
2026-05-22;wifi;1945;1945;2120;2160;1800;26769100;4903;2120;984100;2110;300;9.00;11.05;-7.46;18.51;0.00;52.11
2026-05-22;wins;505;505;505;510;498;770900;178;510;31500;505;12100;0.00;0.99;-1.39;2.38;0.00;0.39
2026-05-22;wood;264;264;260;266;252;715200;171;262;1400;260;48900;-1.52;0.76;-4.55;5.30;0.00;0.19
2026-05-22;wton;81;82;81;87;77;35340100;1958;81;115100;80;3349100;0.00;7.41;-4.94;12.20;1.23;2.93
2026-05-22;yelo;76;74;80;80;69;28297800;1790;81;117900;80;94200;5.26;5.26;-9.21;14.86;-2.63;2.16
2026-05-22;ypas;660;660;595;660;575;150400;136;600;3300;595;5500;-9.85;0.00;-12.88;12.88;0.00;0.09
2026-05-22;yupi;1440;1440;1425;1440;1410;7200;25;1425;1700;1420;100;-1.04;0.00;-2.08;2.08;0.00;0.01
2026-05-22;zata;69;69;73;73;62;109069700;5826;74;989200;73;685800;5.80;5.80;-10.14;15.94;0.00;7.64
2026-05-22;zone;362;360;350;452;338;2477700;1494;358;900;350;158700;-3.31;24.86;-6.63;31.67;-0.55;0.94
2026-05-22;zyrx;131;132;131;132;126;72400;103;131;104900;130;296900;0.00;0.76;-3.82;4.55;0.76;0.01
